<?xml version="1.0" encoding="UTF-8"?>

<students>
    <student>        
        <name>Sarah</name>    
        <email>sarah@gmail.com</email>
        <password>blahblah</password>   
        <birthday>January 2</birthday>
        <userType>Student</userType>
    </student>
      <student>        
        <name>Simran</name>    
        <email>simran@gmail.com</email>
        <password>blahblah</password>   
        <birthday>January 2</birthday>
        <userType>Student</userType>
    </student>
      <student>        
        <name>Euro</name>    
        <email>yuen@gmail.com</email>
        <password>blahblah</password>   
        <birthday>January 5</birthday>
        <userType>Student</userType>
    </student>

</students>