<?xml version="1.0" encoding="UTF-8"?>
<project-private xmlns="http://www.netbeans.org/ns/project-private/1">
    <editor-bookmarks xmlns="http://www.netbeans.org/ns/editor-bookmarks/2" lastBookmarkId="0"/>
    <open-files xmlns="http://www.netbeans.org/ns/projectui-open-files/2">
        <group>
            <file>file:/C:/Users/Mango/Documents/NetBeansProjects/WSD%20Assignment/web/login.jsp</file>
            <file>file:/C:/Users/Mango/Documents/NetBeansProjects/WSD%20Assignment/web/index.jsp</file>
            <file>file:/C:/Users/Mango/Documents/NetBeansProjects/WSD%20Assignment/src/java/Student.java</file>
            <file>file:/C:/Users/Mango/Documents/NetBeansProjects/WSD%20Assignment/src/java/Tutors.java</file>
            <file>file:/C:/Users/Mango/Documents/NetBeansProjects/WSD%20Assignment/web/loginAction.jsp</file>
            <file>file:/C:/Users/Mango/Documents/NetBeansProjects/WSD%20Assignment/src/java/StudentApplication.java</file>
            <file>file:/C:/Users/Mango/Documents/NetBeansProjects/WSD%20Assignment/src/java/Students.java</file>
            <file>file:/C:/Users/Mango/Documents/NetBeansProjects/WSD%20Assignment/web/register.jsp</file>
            <file>file:/C:/Users/Mango/Documents/NetBeansProjects/WSD%20Assignment/src/java/TutorApplication.java</file>
            <file>file:/C:/Users/Mango/Documents/NetBeansProjects/WSD%20Assignment/web/welcome.jsp</file>
        </group>
    </open-files>
</project-private>
